ordinal_error,count,percent
0,88,0.4230769230769231
1,89,0.42788461538461536
2,23,0.11057692307692307
3,8,0.038461538461538464
