ordinal_error,count,percent
0,85,0.40865384615384615
1,90,0.4326923076923077
2,25,0.1201923076923077
3,8,0.038461538461538464
