ordinal_error,count,percent
0,91,0.4375
1,84,0.40384615384615385
2,29,0.13942307692307693
3,4,0.019230769230769232
