ordinal_error,count,percent
0,85,0.40865384615384615
1,92,0.4423076923076923
2,24,0.11538461538461539
3,7,0.03365384615384615
