model,task,accuracy,balanced_accuracy,auc,f1_macro,precision_bust,recall_bust,f1_bust,precision_bench,recall_bench,f1_bench,precision_starter,recall_starter,f1_starter,precision_star,recall_star,f1_star
classification__logistic_l2,classification,0.34810126582278483,0.2539451114922813,0.6052209503426355,0.20610859728506786,0.3950617283950617,0.5818181818181818,0.47058823529411764,0.2987012987012987,0.4339622641509434,0.35384615384615387,0.0,0.0,0.0,0.0,0.0,0.0
classification__xgboost,classification,0.3987341772151899,0.3662258445277313,0.6246150440608874,0.3897899076300787,0.4025974025974026,0.5636363636363636,0.4696969696969697,0.37037037037037035,0.37735849056603776,0.37383177570093457,0.36363636363636365,0.21621621621621623,0.2711864406779661,0.8,0.3076923076923077,0.4444444444444444
regression__ridge,regression,0.36075949367088606,0.2797158221686524,0.6810997629438719,0.2635213952429726,0.43478260869565216,0.36363636363636365,0.39603960396039606,0.32967032967032966,0.5660377358490566,0.4166666666666667,0.3333333333333333,0.1891891891891892,0.2413793103448276,0.0,0.0,0.0
regression__xgboost,regression,0.3670886075949367,0.29860353822617974,0.6958941586451821,0.29987387336318805,0.4489795918367347,0.4,0.4230769230769231,0.32941176470588235,0.5283018867924528,0.4057971014492754,0.3181818181818182,0.1891891891891892,0.23728813559322035,0.5,0.07692307692307693,0.13333333333333333
