ngram,n_reports,mean_delta,t_stat
nba,20,-0.07105448306005151,-1.7712521349525967
