ngram,n_reports,mean_delta,t_stat
nba,20,0.0065326660871505736,0.5525124916736712
