ngram,n_reports,mean_delta,t_stat
nba,20,-0.014543929696083069,-4.342672395323201
