ngram,n_reports,mean_delta,t_stat
nba,40,0.01212424466747519,9.046588212550363
