ngram,n_reports,mean_delta,t_stat
nba,20,-0.004908013343811035,-0.3599974832816911
