section,head,pearson_r,spearman_r,n
strengths,role_z,0.024049485587939123,0.048643001541019484,677
weaknesses,role_z,0.021798045744944098,-0.015625202298841904,682
outlook,role_z,0.05859336576040231,0.06913583714091436,194
