ordinal_error,count,percent
0,89,0.42788461538461536
1,86,0.41346153846153844
2,25,0.1201923076923077
3,8,0.038461538461538464
