ordinal_error,count,percent
0,86,0.41346153846153844
1,93,0.44711538461538464
2,21,0.10096153846153846
3,8,0.038461538461538464
