ordinal_error,count,percent
0,84,0.40384615384615385
1,100,0.4807692307692308
2,23,0.11057692307692307
3,1,0.004807692307692308
