ordinal_error,count,percent
0,86,0.41346153846153844
1,91,0.4375
2,23,0.11057692307692307
3,8,0.038461538461538464
